,SnomedCTConceptId,medcodeid,Observations,OrigReadCode,CleansedReadCode,Term.x,SnomedDescriptionId,Release,EmisCodeCategoryId,Term.y,Disease,Otherinstructions,origin,Comments
1,134395001,216201011,8000000,68A7,68A7.00,Diabetic retinopathy screening,216201011,NA,1,Diabetic retinopathy screening,Diabetic Eye Disease,NA,['efi'],eFI2 SNOMED CT 0.24 Renamed ConditionsPowerQuery_DiabetesToSeparate
2,170757007,264701014,800000,66AD,66AD.00,Fundoscopy - diabetic check,264701014,NA,1,fundoscopy - diabetic check,Diabetic Eye Disease,NA,['efi'],eFI2 SNOMED CT 0.24 Renamed ConditionsPowerQuery_DiabetesToSeparate
3,193141005,297510017,2000,F35z0,F35z000,Diabetic mononeuritis NOS,297492014,NA,32,Diabetic mononeuritis NOS,Diabetic Eye Disease,NA,['Lauren_codelist'],snomed_for_LW_codelist_using_Pieta_powerQuery_DiabetesToSeparate
4,193141005,297492014,700,F3450,F345000,Diabetic mononeuritis multiplex,297492014,NA,32,Diabetic mononeuritis NOS,Diabetic Eye Disease,NA,['Lauren_codelist'],snomed_for_LW_codelist_using_Pieta_powerQuery_DiabetesToSeparate
5,193349004,14071361000006118,400,^ESCT1407136,NA,Preproliferative retinopathy due to diabetes mellitus,3780170018,NA,32,Preproliferative diabetic retinopathy,Diabetic Eye Disease,NA,['efi AND Lauren_codelist'],eFI2 SNOMED CT 0.24 Renamed ConditionsPowerQuery_DiabetesToSeparate AND snomed_for_LW_codelist_using_Pieta_powerQuery_DiabetesToSeparate
6,193349004,4771421000006116,7,^ESCTPP477142,NA,PPDR - Preproliferative diabetic retinopathy,2579151010,NA,32,Preproliferative diabetic retinopathy,Diabetic Eye Disease,NA,['efi AND Lauren_codelist'],eFI2 SNOMED CT 0.24 Renamed ConditionsPowerQuery_DiabetesToSeparate AND snomed_for_LW_codelist_using_Pieta_powerQuery_DiabetesToSeparate
7,193349004,297754014,70000,F4202,F420200,Preproliferative diabetic retinopathy,297754014,NA,32,Preproliferative diabetic retinopathy,Diabetic Eye Disease,NA,['efi AND Lauren_codelist'],eFI2 SNOMED CT 0.24 Renamed ConditionsPowerQuery_DiabetesToSeparate AND snomed_for_LW_codelist_using_Pieta_powerQuery_DiabetesToSeparate
8,193350004,14071371000006113,10,^ESCT1407137,NA,Advanced maculopathy due to diabetes mellitus,3778080011,NA,32,Advanced diabetic maculopathy,Diabetic Eye Disease,NA,['efi AND Lauren_codelist'],eFI2 SNOMED CT 0.24 Renamed ConditionsPowerQuery_DiabetesToSeparate AND snomed_for_LW_codelist_using_Pieta_powerQuery_DiabetesToSeparate
9,193350004,297755010,6000,F4203,F420300,Advanced diabetic maculopathy,297755010,NA,32,Advanced diabetic maculopathy,Diabetic Eye Disease,NA,['efi AND Lauren_codelist'],eFI2 SNOMED CT 0.24 Renamed ConditionsPowerQuery_DiabetesToSeparate AND snomed_for_LW_codelist_using_Pieta_powerQuery_DiabetesToSeparate
10,193489006,297964010,200,F4407,F440700,Diabetic iritis,297964010,NA,32,diabetic iritis,Diabetic Eye Disease,NA,['efi'],eFI2 SNOMED CT 0.24 Renamed ConditionsPowerQuery_DiabetesToSeparate
11,232020009,14072591000006111,1000,^ESCT1407259,NA,Disorder of macula due to diabetes mellitus,3778077010,NA,32,Diabetic maculopathy,Diabetic Eye Disease,NA,['efi AND Lauren_codelist'],eFI2 SNOMED CT 0.24 Renamed ConditionsPowerQuery_DiabetesToSeparate AND snomed_for_LW_codelist_using_Pieta_powerQuery_DiabetesToSeparate
12,232020009,347657010,200000,F4204,F420400,Diabetic maculopathy,347657010,NA,32,Diabetic maculopathy,Diabetic Eye Disease,NA,['efi AND Lauren_codelist'],eFI2 SNOMED CT 0.24 Renamed ConditionsPowerQuery_DiabetesToSeparate AND snomed_for_LW_codelist_using_Pieta_powerQuery_DiabetesToSeparate
13,248161000000101,406351000000114,300000,8Hl1,8Hl1.00,Referral for diabetic retinopathy screening,406351000000114,NA,40,Referral for diabetic retinopathy screening,Diabetic Eye Disease,NA,['efi'],eFI2 SNOMED CT 0.24 Renamed ConditionsPowerQuery_DiabetesToSeparate
14,25093002,771491000006110,200,C1081,C108100,Insulin-dependent diabetes mellitus with ophthalmic comps,3688467012,NA,32,Other specified diabetes mellitus with ophthalmic complicatn,Diabetic Eye Disease,NA,['efi AND Lauren_codelist'],eFI2 SNOMED CT 0.24 Renamed ConditionsPowerQuery_DiabetesToSeparate AND snomed_for_LW_codelist_using_Pieta_powerQuery_DiabetesToSeparate
16,25093002,2900951000006115,4,^ESCTDI290095,NA,Diabetic eye disease,42066015,NA,32,Other specified diabetes mellitus with ophthalmic complicatn,Diabetic Eye Disease,NA,['efi AND Lauren_codelist'],eFI2 SNOMED CT 0.24 Renamed ConditionsPowerQuery_DiabetesToSeparate AND snomed_for_LW_codelist_using_Pieta_powerQuery_DiabetesToSeparate
18,25093002,616421000006118,20000,C105,C105.00,Eye disorder due to diabetes mellitus,3688467012,NA,32,Other specified diabetes mellitus with ophthalmic complicatn,Diabetic Eye Disease,NA,['efi AND Lauren_codelist'],eFI2 SNOMED CT 0.24 Renamed ConditionsPowerQuery_DiabetesToSeparate AND snomed_for_LW_codelist_using_Pieta_powerQuery_DiabetesToSeparate
20,25093002,12704401000006110,2,^ESCT1270440,NA,Diabetic oculopathy,42062018,NA,32,Other specified diabetes mellitus with ophthalmic complicatn,Diabetic Eye Disease,NA,['efi AND Lauren_codelist'],eFI2 SNOMED CT 0.24 Renamed ConditionsPowerQuery_DiabetesToSeparate AND snomed_for_LW_codelist_using_Pieta_powerQuery_DiabetesToSeparate
22,25093002,913471000006110,300,C10E1-2,C10E112,Insulin-dependent diabetes mellitus with ophthalmic comps,3688467012,NA,32,Other specified diabetes mellitus with ophthalmic complicatn,Diabetic Eye Disease,NA,['efi AND Lauren_codelist'],eFI2 SNOMED CT 0.24 Renamed ConditionsPowerQuery_DiabetesToSeparate AND snomed_for_LW_codelist_using_Pieta_powerQuery_DiabetesToSeparate
24,25093002,13767911000006119,30,^ESCT1376791,NA,Disorder of eye due to diabetes mellitus,3776167019,NA,32,Other specified diabetes mellitus with ophthalmic complicatn,Diabetic Eye Disease,NA,['efi AND Lauren_codelist'],eFI2 SNOMED CT 0.24 Renamed ConditionsPowerQuery_DiabetesToSeparate AND snomed_for_LW_codelist_using_Pieta_powerQuery_DiabetesToSeparate
26,25093002,13771000006110,90,C105y,C105y00,Other specified diabetes mellitus with ophthalmic complicatn,42062018,NA,32,Other specified diabetes mellitus with ophthalmic complicatn,Diabetic Eye Disease,NA,['efi AND Lauren_codelist'],eFI2 SNOMED CT 0.24 Renamed ConditionsPowerQuery_DiabetesToSeparate AND snomed_for_LW_codelist_using_Pieta_powerQuery_DiabetesToSeparate
28,25093002,881491000006119,1000,C105-99,C105.99,Diabetes + eye manifestation,881491000006119,NA,32,Other specified diabetes mellitus with ophthalmic complicatn,Diabetic Eye Disease,NA,['efi AND Lauren_codelist'],eFI2 SNOMED CT 0.24 Renamed ConditionsPowerQuery_DiabetesToSeparate AND snomed_for_LW_codelist_using_Pieta_powerQuery_DiabetesToSeparate
30,25093002,292503016,200,C105z,C105z00,Diabetes mellitus NOS with ophthalmic manifestation,42062018,NA,32,Other specified diabetes mellitus with ophthalmic complicatn,Diabetic Eye Disease,NA,['efi AND Lauren_codelist'],eFI2 SNOMED CT 0.24 Renamed ConditionsPowerQuery_DiabetesToSeparate AND snomed_for_LW_codelist_using_Pieta_powerQuery_DiabetesToSeparate
33,311782002,455408014,1000,F4205,F420500,Advanced diabetic retinal disease,455408014,NA,32,Advanced diabetic retinal disease,Diabetic Eye Disease,NA,['efi AND Lauren_codelist'],eFI2 SNOMED CT 0.24 Renamed ConditionsPowerQuery_DiabetesToSeparate AND snomed_for_LW_codelist_using_Pieta_powerQuery_DiabetesToSeparate
34,311782002,14077471000006114,9,^ESCT1407747,NA,Advanced retinal disease due to diabetes mellitus,3777787015,NA,32,Advanced diabetic retinal disease,Diabetic Eye Disease,NA,['efi AND Lauren_codelist'],eFI2 SNOMED CT 0.24 Renamed ConditionsPowerQuery_DiabetesToSeparate AND snomed_for_LW_codelist_using_Pieta_powerQuery_DiabetesToSeparate
35,312903003,6022581000006116,800,^ESCTMI602258,NA,Mild non-proliferative diabetic retinopathy,2642672017,NA,31,Mild non proliferative diabetic retinopathy,Diabetic Eye Disease,NA,['efi'],eFI2 SNOMED CT 0.24 Renamed ConditionsPowerQuery_DiabetesToSeparate
36,312903003,14077691000006113,400,^ESCT1407769,NA,Mild nonproliferative retinopathy due to diabetes mellitus,3779914017,NA,31,Mild non proliferative diabetic retinopathy,Diabetic Eye Disease,NA,['efi'],eFI2 SNOMED CT 0.24 Renamed ConditionsPowerQuery_DiabetesToSeparate
37,312903003,6022611000006112,30,^ESCTMI602261,NA,Mild nonproliferative diabetic retinopathy,2921114017,NA,31,Mild non proliferative diabetic retinopathy,Diabetic Eye Disease,NA,['efi'],eFI2 SNOMED CT 0.24 Renamed ConditionsPowerQuery_DiabetesToSeparate
38,312903003,6022591000006118,40,^ESCTMI602259,NA,Mild nonproliferative retinopathy,1785151013,NA,31,Mild non proliferative diabetic retinopathy,Diabetic Eye Disease,NA,['efi'],eFI2 SNOMED CT 0.24 Renamed ConditionsPowerQuery_DiabetesToSeparate
39,312903003,6022601000006114,30,^ESCTMI602260,NA,Mild non proliferative retinopathy,2646865019,NA,31,Mild non proliferative diabetic retinopathy,Diabetic Eye Disease,NA,['efi'],eFI2 SNOMED CT 0.24 Renamed ConditionsPowerQuery_DiabetesToSeparate
40,312904009,12224731000006112,300,^ESCT1222473,NA,Moderate non-proliferative diabetic retinopathy,3688869017,NA,31,Moderate non proliferative diabetic retinopathy,Diabetic Eye Disease,NA,['efi'],eFI2 SNOMED CT 0.24 Renamed ConditionsPowerQuery_DiabetesToSeparate
41,312904009,6022631000006118,30,^ESCTMO602263,NA,Moderate nonproliferative retinopathy,1785152018,NA,31,Moderate non proliferative diabetic retinopathy,Diabetic Eye Disease,NA,['efi'],eFI2 SNOMED CT 0.24 Renamed ConditionsPowerQuery_DiabetesToSeparate
42,312904009,6022621000006116,200,^ESCTMO602262,NA,Moderate nonproliferative diabetic retinopathy,1775724010,NA,31,Moderate non proliferative diabetic retinopathy,Diabetic Eye Disease,NA,['efi'],eFI2 SNOMED CT 0.24 Renamed ConditionsPowerQuery_DiabetesToSeparate
43,312904009,14077701000006113,100,^ESCT1407770,NA,Moderate nonproliferative retinopathy due to diabetes mellitus,3780068012,NA,31,Moderate non proliferative diabetic retinopathy,Diabetic Eye Disease,NA,['efi'],eFI2 SNOMED CT 0.24 Renamed ConditionsPowerQuery_DiabetesToSeparate
44,312905005,841011000006112,1000,F4208,F420800,Severe nonproliferative diabetic retinopathy,1775725011,NA,32,high risk non proliferative diabetic retinopathy,Diabetic Eye Disease,NA,['efi'],eFI2 SNOMED CT 0.24 Renamed ConditionsPowerQuery_DiabetesToSeparate
45,312905005,12224761000006115,3,^ESCT1222476,NA,Severe NPDR (nonproliferative diabetic retinopathy),3691865016,NA,32,high risk non proliferative diabetic retinopathy,Diabetic Eye Disease,NA,['efi'],eFI2 SNOMED CT 0.24 Renamed ConditionsPowerQuery_DiabetesToSeparate
46,312905005,14077711000006111,80,^ESCT1407771,NA,Severe nonproliferative retinopathy due to diabetes mellitus,3780111013,NA,32,high risk non proliferative diabetic retinopathy,Diabetic Eye Disease,NA,['efi'],eFI2 SNOMED CT 0.24 Renamed ConditionsPowerQuery_DiabetesToSeparate
47,312905005,6022651000006113,20,^ESCTSE602265,NA,Severe nonproliferative retinopathy,1785155016,NA,32,high risk non proliferative diabetic retinopathy,Diabetic Eye Disease,NA,['efi'],eFI2 SNOMED CT 0.24 Renamed ConditionsPowerQuery_DiabetesToSeparate
48,312907002,1785163015,1000,F4207,F420700,High risk proliferative diabetic retinopathy,1785163015,NA,32,High risk proliferative diabetic retinopathy,Diabetic Eye Disease,NA,['efi AND Lauren_codelist'],eFI2 SNOMED CT 0.24 Renamed ConditionsPowerQuery_DiabetesToSeparate AND snomed_for_LW_codelist_using_Pieta_powerQuery_DiabetesToSeparate
49,312907002,6022731000006110,8,^ESCTHI602273,NA,High risk proliferative retinopathy,1785161018,NA,32,High risk proliferative diabetic retinopathy,Diabetic Eye Disease,NA,['efi AND Lauren_codelist'],eFI2 SNOMED CT 0.24 Renamed ConditionsPowerQuery_DiabetesToSeparate AND snomed_for_LW_codelist_using_Pieta_powerQuery_DiabetesToSeparate
50,312907002,6022721000006112,300,^ESCTPR602272,NA,Proliferative diabetic retinopathy - high risk,456707011,NA,32,High risk proliferative diabetic retinopathy,Diabetic Eye Disease,NA,['efi AND Lauren_codelist'],eFI2 SNOMED CT 0.24 Renamed ConditionsPowerQuery_DiabetesToSeparate AND snomed_for_LW_codelist_using_Pieta_powerQuery_DiabetesToSeparate
51,312907002,14077731000006117,30,^ESCT1407773,NA,High risk proliferative retinopathy due to diabetes mellitus,3781001013,NA,32,High risk proliferative diabetic retinopathy,Diabetic Eye Disease,NA,['efi AND Lauren_codelist'],eFI2 SNOMED CT 0.24 Renamed ConditionsPowerQuery_DiabetesToSeparate AND snomed_for_LW_codelist_using_Pieta_powerQuery_DiabetesToSeparate
52,312912001,13810181000006111,200,^ESCT1381018,NA,Macular oedema due to diabetes mellitus,3776797019,NA,32,Diabetic macular oedema,Diabetic Eye Disease,NA,['efi'],eFI2 SNOMED CT 0.24 Renamed ConditionsPowerQuery_DiabetesToSeparate
53,312912001,6022921000006114,20000,^ESCTDI602292,NA,Diabetic macular oedema,456717018,NA,32,Diabetic macular oedema,Diabetic Eye Disease,NA,['efi'],eFI2 SNOMED CT 0.24 Renamed ConditionsPowerQuery_DiabetesToSeparate
54,312912001,6022931000006112,30,^ESCTDI602293,NA,Diabetic macular edema,456716010,NA,32,Diabetic macular oedema,Diabetic Eye Disease,NA,['efi'],eFI2 SNOMED CT 0.24 Renamed ConditionsPowerQuery_DiabetesToSeparate
55,313340009,457231013,2000000,9N1v,9N1v.00,Seen in diabetic eye clinic,457231013,NA,37,seen in diabetic eye clinic,Diabetic Eye Disease,NA,['efi'],eFI2 SNOMED CT 0.24 Renamed ConditionsPowerQuery_DiabetesToSeparate
56,368711000119106,8120431000006115,1000,^ESCTMI812043,NA,Mild nonproliferative retinopathy due to secondary diabetes mellitus,3289754012,NA,32,Mild nonproliferative retinopathy due to secondary diabetes mellitus,Diabetes,NA,['Manchester'],diabetes.snomed.txt OR efi-diabetes.snomed.txt
57,37231002,3099731000006117,10,^ESCTMA309973,NA,Macular edema,486665017,NA,32,Macular retinal edema (disorder),Diabetes,NA,['Manchester'],diabetes.snomed.txt OR efi-diabetes.snomed.txt
58,37231002,3099701000006113,2000,^ESCTMA309970,NA,Macular retinal oedema,486664018,NA,32,Macular retinal edema (disorder),Diabetes,NA,['Manchester'],diabetes.snomed.txt OR efi-diabetes.snomed.txt
59,37231002,486663012,200000,F42y9,F42y900,Macular oedema,486663012,NA,32,Macular retinal edema (disorder),Diabetes,NA,['Manchester'],diabetes.snomed.txt OR efi-diabetes.snomed.txt
60,373041000000101,733161000000116,100,2BBr,2BBr.00,Impaired vision due to diabetic retinopathy,733161000000116,NA,27,impaired vision due to diabetic retinopathy,Diabetic Eye Disease,NA,['efi'],eFI2 SNOMED CT 0.24 Renamed ConditionsPowerQuery_DiabetesToSeparate
61,390834004,14079681000006115,6000,^ESCT1407968,NA,Nonproliferative retinopathy due to diabetes mellitus,3780158017,NA,32,Background diabetic retinopathy,Diabetic Eye Disease,NA,['efi AND Lauren_codelist'],eFI2 SNOMED CT 0.24 Renamed ConditionsPowerQuery_DiabetesToSeparate AND snomed_for_LW_codelist_using_Pieta_powerQuery_DiabetesToSeparate
63,390834004,1785332013,1000000,F4200,F420000,Background diabetic retinopathy,1785332013,NA,32,Background diabetic retinopathy,Diabetic Eye Disease,NA,['efi AND Lauren_codelist'],eFI2 SNOMED CT 0.24 Renamed ConditionsPowerQuery_DiabetesToSeparate AND snomed_for_LW_codelist_using_Pieta_powerQuery_DiabetesToSeparate
65,390834004,6515201000006111,40,^ESCTNP651520,NA,NPDR - Non proliferative diabetic retinopathy,2579521014,NA,32,Background diabetic retinopathy,Diabetic Eye Disease,NA,['efi AND Lauren_codelist'],eFI2 SNOMED CT 0.24 Renamed ConditionsPowerQuery_DiabetesToSeparate AND snomed_for_LW_codelist_using_Pieta_powerQuery_DiabetesToSeparate
67,390834004,1484867016,100000,F4206,F420600,Non proliferative diabetic retinopathy,1484867016,NA,32,Background diabetic retinopathy,Diabetic Eye Disease,NA,['efi AND Lauren_codelist'],eFI2 SNOMED CT 0.24 Renamed ConditionsPowerQuery_DiabetesToSeparate AND snomed_for_LW_codelist_using_Pieta_powerQuery_DiabetesToSeparate
69,390834004,6515171000006112,3000,^ESCTNO651517,NA,Nonproliferative diabetic retinopathy,2643005014,NA,32,Background diabetic retinopathy,Diabetic Eye Disease,NA,['efi AND Lauren_codelist'],eFI2 SNOMED CT 0.24 Renamed ConditionsPowerQuery_DiabetesToSeparate AND snomed_for_LW_codelist_using_Pieta_powerQuery_DiabetesToSeparate
71,390834004,6515211000006114,100,^ESCTBD651521,NA,BDR - Background diabetic retinopathy,2621399015,NA,32,Background diabetic retinopathy,Diabetic Eye Disease,NA,['efi AND Lauren_codelist'],eFI2 SNOMED CT 0.24 Renamed ConditionsPowerQuery_DiabetesToSeparate AND snomed_for_LW_codelist_using_Pieta_powerQuery_DiabetesToSeparate
73,390854003,6515451000006111,1,^ESCTON651545,NA,On examination - diabetic maculopathy present both eyes,2621472018,NA,27,o/e - diabetic maculopathy present both eyes,Diabetic Eye Disease,NA,['efi'],eFI2 SNOMED CT 0.24 Renamed ConditionsPowerQuery_DiabetesToSeparate
74,390854003,1484887015,30000,2BBL,2BBL.00,O/E - diabetic maculopathy present both eyes,1484887015,NA,27,o/e - diabetic maculopathy present both eyes,Diabetic Eye Disease,NA,['efi'],eFI2 SNOMED CT 0.24 Renamed ConditionsPowerQuery_DiabetesToSeparate
75,390855002,6515471000006118,50,^ESCTON651547,NA,On examination - diabetic maculopathy absent both eyes,2621473011,NA,27,O/E - diabetic maculopathy absent both eyes,Diabetic Eye Disease,NA,['Lauren_codelist'],snomed_for_LW_codelist_using_Pieta_powerQuery_DiabetesToSeparate
76,390855002,1484888013,200000,2BBM,2BBM.00,O/E - diabetic maculopathy absent both eyes,1484888013,NA,27,O/E - diabetic maculopathy absent both eyes,Diabetic Eye Disease,NA,['Lauren_codelist'],snomed_for_LW_codelist_using_Pieta_powerQuery_DiabetesToSeparate
77,408384004,2159948010,100000,8HBG,8HBG.00,Diabetic retinopathy 12 month review,2159948010,NA,40,diabetic retinopathy 12 month review,Diabetic Eye Disease,NA,['efi'],eFI2 SNOMED CT 0.24 Renamed ConditionsPowerQuery_DiabetesToSeparate
78,408385003,2159949019,4000,8HBH,8HBH.00,Diabetic retinopathy 6 month review,2159949019,NA,40,Diabetic retinopathy 6 month review,Diabetic Eye Disease,NA,['efi'],eFI2 SNOMED CT 0.24 Renamed ConditionsPowerQuery_DiabetesToSeparate
79,408409007,6761781000006114,300,^ESCTON676178,NA,On examination - right eye background diabetic retinopathy,2621799017,NA,27,O/E - right eye background diabetic retinopathy,Diabetic Eye Disease,NA,['efi AND Lauren_codelist'],eFI2 SNOMED CT 0.24 Renamed ConditionsPowerQuery_DiabetesToSeparate AND snomed_for_LW_codelist_using_Pieta_powerQuery_DiabetesToSeparate
80,408409007,2159973010,700000,2BBP,2BBP.00,O/E - right eye background diabetic retinopathy,2159973010,NA,27,O/E - right eye background diabetic retinopathy,Diabetic Eye Disease,NA,['efi AND Lauren_codelist'],eFI2 SNOMED CT 0.24 Renamed ConditionsPowerQuery_DiabetesToSeparate AND snomed_for_LW_codelist_using_Pieta_powerQuery_DiabetesToSeparate
81,408410002,2159974016,700000,2BBQ,2BBQ.00,O/E - left eye background diabetic retinopathy,2159974016,NA,27,O/E - left eye background diabetic retinopathy,Diabetic Eye Disease,NA,['efi AND Lauren_codelist'],eFI2 SNOMED CT 0.24 Renamed ConditionsPowerQuery_DiabetesToSeparate AND snomed_for_LW_codelist_using_Pieta_powerQuery_DiabetesToSeparate
82,408410002,6761801000006113,300,^ESCTON676180,NA,On examination - left eye background diabetic retinopathy,2621800018,NA,27,O/E - left eye background diabetic retinopathy,Diabetic Eye Disease,NA,['efi AND Lauren_codelist'],eFI2 SNOMED CT 0.24 Renamed ConditionsPowerQuery_DiabetesToSeparate AND snomed_for_LW_codelist_using_Pieta_powerQuery_DiabetesToSeparate
83,408411003,2159975015,50000,2BBR,2BBR.00,O/E - right eye preproliferative diabetic retinopathy,2159975015,NA,27,o/e - right eye preproliferative diabetic retinopathy,Diabetic Eye Disease,NA,['efi'],eFI2 SNOMED CT 0.24 Renamed ConditionsPowerQuery_DiabetesToSeparate
84,408411003,6761821000006115,20,^ESCTON676182,NA,On examination - right eye preproliferative diabetic retinopathy,2621610013,NA,27,o/e - right eye preproliferative diabetic retinopathy,Diabetic Eye Disease,NA,['efi'],eFI2 SNOMED CT 0.24 Renamed ConditionsPowerQuery_DiabetesToSeparate
85,408412005,6761841000006110,10,^ESCTON676184,NA,On examination - left eye preproliferative diabetic retinopathy,2621611012,NA,27,O/E - left eye preproliferative diabetic retinopathy,Diabetic Eye Disease,NA,['efi AND Lauren_codelist'],eFI2 SNOMED CT 0.24 Renamed ConditionsPowerQuery_DiabetesToSeparate AND snomed_for_LW_codelist_using_Pieta_powerQuery_DiabetesToSeparate
86,408412005,2159976019,50000,2BBS,2BBS.00,O/E - left eye preproliferative diabetic retinopathy,2159976019,NA,27,O/E - left eye preproliferative diabetic retinopathy,Diabetic Eye Disease,NA,['efi AND Lauren_codelist'],eFI2 SNOMED CT 0.24 Renamed ConditionsPowerQuery_DiabetesToSeparate AND snomed_for_LW_codelist_using_Pieta_powerQuery_DiabetesToSeparate
87,408413000,6761861000006114,6,^ESCTON676186,NA,On examination - right eye proliferative diabetic retinopathy,2621612017,NA,27,O/E - right eye proliferative diabetic retinopathy,Diabetic Eye Disease,NA,['efi AND Lauren_codelist'],eFI2 SNOMED CT 0.24 Renamed ConditionsPowerQuery_DiabetesToSeparate AND snomed_for_LW_codelist_using_Pieta_powerQuery_DiabetesToSeparate
88,408413000,2159977011,30000,2BBT,2BBT.00,O/E - right eye proliferative diabetic retinopathy,2159977011,NA,27,O/E - right eye proliferative diabetic retinopathy,Diabetic Eye Disease,NA,['efi AND Lauren_codelist'],eFI2 SNOMED CT 0.24 Renamed ConditionsPowerQuery_DiabetesToSeparate AND snomed_for_LW_codelist_using_Pieta_powerQuery_DiabetesToSeparate
89,408414006,2159978018,30000,2BBV,2BBV.00,O/E - left eye proliferative diabetic retinopathy,2159978018,NA,27,O/E - left eye proliferative diabetic retinopathy,Diabetic Eye Disease,NA,['efi AND Lauren_codelist'],eFI2 SNOMED CT 0.24 Renamed ConditionsPowerQuery_DiabetesToSeparate AND snomed_for_LW_codelist_using_Pieta_powerQuery_DiabetesToSeparate
90,408414006,6761881000006116,5,^ESCTON676188,NA,On examination - left eye proliferative diabetic retinopathy,2621613010,NA,27,O/E - left eye proliferative diabetic retinopathy,Diabetic Eye Disease,NA,['efi AND Lauren_codelist'],eFI2 SNOMED CT 0.24 Renamed ConditionsPowerQuery_DiabetesToSeparate AND snomed_for_LW_codelist_using_Pieta_powerQuery_DiabetesToSeparate
93,413180006,6837961000006116,20,^ESCTPA683796,NA,Panretinal photocoagulation for diabetes,2478684010,NA,32,pan retinal photocoagulation for diabetes,Diabetic Eye Disease,NA,['efi'],eFI2 SNOMED CT 0.24 Renamed ConditionsPowerQuery_DiabetesToSeparate
94,413180006,2474726011,30000,7276,7276,Pan retinal photocoagulation for diabetes,2474726011,NA,32,pan retinal photocoagulation for diabetes,Diabetic Eye Disease,NA,['efi'],eFI2 SNOMED CT 0.24 Renamed ConditionsPowerQuery_DiabetesToSeparate
95,414894003,975261000006113,6000,2BBl,2BBl.00,O/E - left eye stable treated proliferative diabetic retinopathy,2532964019,NA,27,o/e - left eye stable treated prolif diabetic retinopathy,Diabetic Eye Disease,NA,['efi'],eFI2 SNOMED CT 0.24 Renamed ConditionsPowerQuery_DiabetesToSeparate
96,414894003,6866541000006117,20,^ESCTON686654,NA,On examination - left eye stable treated proliferative diabetic retinopathy,2621811014,NA,27,o/e - left eye stable treated prolif diabetic retinopathy,Diabetic Eye Disease,NA,['efi'],eFI2 SNOMED CT 0.24 Renamed ConditionsPowerQuery_DiabetesToSeparate
97,414910007,6866901000006111,10,^ESCTON686690,NA,On examination - right eye stable treated proliferative diabetic retinopathy,2621810010,NA,27,O/E - right eye stable treated prolif diabetic retinopathy,Diabetic Eye Disease,NA,['efi AND Lauren_codelist'],eFI2 SNOMED CT 0.24 Renamed ConditionsPowerQuery_DiabetesToSeparate AND snomed_for_LW_codelist_using_Pieta_powerQuery_DiabetesToSeparate
98,414910007,975251000006111,7000,2BBk,2BBk.00,O/E - right eye stable treated proliferative diabetic retinopathy,2532963013,NA,27,O/E - right eye stable treated prolif diabetic retinopathy,Diabetic Eye Disease,NA,['efi AND Lauren_codelist'],eFI2 SNOMED CT 0.24 Renamed ConditionsPowerQuery_DiabetesToSeparate AND snomed_for_LW_codelist_using_Pieta_powerQuery_DiabetesToSeparate
99,417677008,2549896013,200,2BBo,2BBo.00,O/E - sight threatening diabetic retinopathy,2549896013,NA,27,O/E - sight threatening diabetic retinopathy,Diabetic Eye Disease,NA,['efi AND Lauren_codelist'],eFI2 SNOMED CT 0.24 Renamed ConditionsPowerQuery_DiabetesToSeparate AND snomed_for_LW_codelist_using_Pieta_powerQuery_DiabetesToSeparate
100,417681008,2549901010,60000,9OLD,9OLD.00,Diabetic patient unsuitable for digital retinal photography,2549901010,NA,37,diabetic patient unsuitable for digital retinal photography,Diabetic Eye Disease,NA,['efi'],eFI2 SNOMED CT 0.24 Renamed ConditionsPowerQuery_DiabetesToSeparate
101,420486006,938311000006112,30,C10EP-1,C10EP11,Type I diabetes mellitus with exudative maculopathy,2618236019,NA,32,Type 1 diabetes mellitus with exudative maculopathy,Diabetic Eye Disease,NA,['Lauren_codelist'],snomed_for_LW_codelist_using_Pieta_powerQuery_DiabetesToSeparate
102,420486006,6954991000006112,1,^ESCTEX695499,NA,Exudative maculopathy associated with type I diabetes mellitus,2618236019,NA,32,Type 1 diabetes mellitus with exudative maculopathy,Diabetic Eye Disease,NA,['Lauren_codelist'],snomed_for_LW_codelist_using_Pieta_powerQuery_DiabetesToSeparate
103,420486006,938301000006114,500,C10EP,C10EP00,Exudative maculopathy with type 1 diabetes mellitus,3698521013,NA,32,Type 1 diabetes mellitus with exudative maculopathy,Diabetic Eye Disease,NA,['Lauren_codelist'],snomed_for_LW_codelist_using_Pieta_powerQuery_DiabetesToSeparate
104,420486006,14083771000006118,8,^ESCT1408377,NA,Exudative maculopathy due to type 1 diabetes mellitus,3778111019,NA,32,Type 1 diabetes mellitus with exudative maculopathy,Diabetic Eye Disease,NA,['Lauren_codelist'],snomed_for_LW_codelist_using_Pieta_powerQuery_DiabetesToSeparate
105,420756003,914311000006114,100,C10FE-1,C10FE11,Type II diabetes mellitus with diabetic cataract,3688522015,NA,32,non-insulin depend diabetes mellitus with diabetic cataract,Diabetic Eye Disease,NA,['efi'],eFI2 SNOMED CT 0.24 Renamed ConditionsPowerQuery_DiabetesToSeparate
106,420756003,84501000006114,100,C109E-2,C109E12,Type 2 diabetes mellitus with diabetic cataract,3688522015,NA,32,non-insulin depend diabetes mellitus with diabetic cataract,Diabetic Eye Disease,NA,['efi'],eFI2 SNOMED CT 0.24 Renamed ConditionsPowerQuery_DiabetesToSeparate
107,420756003,6959811000006110,3,^ESCTDI695981,NA,Diabetes type 2 with cataract,3035281015,NA,32,non-insulin depend diabetes mellitus with diabetic cataract,Diabetic Eye Disease,NA,['efi'],eFI2 SNOMED CT 0.24 Renamed ConditionsPowerQuery_DiabetesToSeparate
108,420756003,914301000006111,500,C10FE,C10FE00,Type 2 diabetes mellitus with diabetic cataract,3688522015,NA,32,non-insulin depend diabetes mellitus with diabetic cataract,Diabetic Eye Disease,NA,['efi'],eFI2 SNOMED CT 0.24 Renamed ConditionsPowerQuery_DiabetesToSeparate
109,420756003,84871000006117,200,C109E-1,C109E11,Cataract due to diabetes mellitus type 2,3688522015,NA,32,non-insulin depend diabetes mellitus with diabetic cataract,Diabetic Eye Disease,NA,['efi'],eFI2 SNOMED CT 0.24 Renamed ConditionsPowerQuery_DiabetesToSeparate
110,420756003,281161000006114,100,C109E,C109E00,Non-insulin depend diabetes mellitus with diabetic cataract,3035281015,NA,32,non-insulin depend diabetes mellitus with diabetic cataract,Diabetic Eye Disease,NA,['efi'],eFI2 SNOMED CT 0.24 Renamed ConditionsPowerQuery_DiabetesToSeparate
111,421920002,913911000006110,2,C10EF-1,C10EF11,Type I diabetes mellitus with diabetic cataract,3688521010,NA,32,insulin dependent diabetes mellitus with diabetic cataract,Diabetic Eye Disease,NA,['efi'],eFI2 SNOMED CT 0.24 Renamed ConditionsPowerQuery_DiabetesToSeparate
112,421920002,84691000006115,20,C108F-1,C108F11,Cataract due to diabetes mellitus type 1,3688521010,NA,32,insulin dependent diabetes mellitus with diabetic cataract,Diabetic Eye Disease,NA,['efi'],eFI2 SNOMED CT 0.24 Renamed ConditionsPowerQuery_DiabetesToSeparate
113,421920002,84321000006114,10,C108F-2,C108F12,Type 1 diabetes mellitus with diabetic cataract,2618234016,NA,32,insulin dependent diabetes mellitus with diabetic cataract,Diabetic Eye Disease,NA,['efi'],eFI2 SNOMED CT 0.24 Renamed ConditionsPowerQuery_DiabetesToSeparate
114,421920002,913901000006112,40,C10EF,C10EF00,Type 1 diabetes mellitus with diabetic cataract,2618234016,NA,32,insulin dependent diabetes mellitus with diabetic cataract,Diabetic Eye Disease,NA,['efi'],eFI2 SNOMED CT 0.24 Renamed ConditionsPowerQuery_DiabetesToSeparate
115,422034002,6982521000006119,80,^ESCTDI698252,NA,Diabetes type 2 with retinopathy,3035295017,NA,32,non-insulin-dependent diabetes mellitus with retinopathy,Diabetic Eye Disease,NA,['efi'],eFI2 SNOMED CT 0.24 Renamed ConditionsPowerQuery_DiabetesToSeparate
116,422034002,14084061000006113,50,^ESCT1408406,NA,Retinopathy due to type 2 diabetes mellitus,3779410016,NA,32,non-insulin-dependent diabetes mellitus with retinopathy,Diabetic Eye Disease,NA,['efi'],eFI2 SNOMED CT 0.24 Renamed ConditionsPowerQuery_DiabetesToSeparate
117,422034002,84991000006112,200,C1096-1,C109611,Type II diabetes mellitus with retinopathy,3699410014,NA,32,non-insulin-dependent diabetes mellitus with retinopathy,Diabetic Eye Disease,NA,['efi'],eFI2 SNOMED CT 0.24 Renamed ConditionsPowerQuery_DiabetesToSeparate
118,422034002,641581000006115,700,C1096,C109600,Non-insulin-dependent diabetes mellitus with retinopathy,3035295017,NA,32,non-insulin-dependent diabetes mellitus with retinopathy,Diabetic Eye Disease,NA,['efi'],eFI2 SNOMED CT 0.24 Renamed ConditionsPowerQuery_DiabetesToSeparate
119,422034002,914151000006112,6000,C10F6,C10F600,Retinopathy with type 2 diabetes mellitus,3699410014,NA,32,non-insulin-dependent diabetes mellitus with retinopathy,Diabetic Eye Disease,NA,['efi'],eFI2 SNOMED CT 0.24 Renamed ConditionsPowerQuery_DiabetesToSeparate
120,422034002,914161000006114,100,C10F6-1,C10F611,Type II diabetes mellitus with retinopathy,3699410014,NA,32,non-insulin-dependent diabetes mellitus with retinopathy,Diabetic Eye Disease,NA,['efi'],eFI2 SNOMED CT 0.24 Renamed ConditionsPowerQuery_DiabetesToSeparate
121,422034002,84621000006117,100,C1096-2,C109612,Type 2 diabetes mellitus with retinopathy,3699410014,NA,32,non-insulin-dependent diabetes mellitus with retinopathy,Diabetic Eye Disease,NA,['efi'],eFI2 SNOMED CT 0.24 Renamed ConditionsPowerQuery_DiabetesToSeparate
122,43959009,913891000006113,10,C10EF-2,C10EF12,Insulin dependent diabetes mellitus with diabetic cataract,73294018,NA,32,diabetic cataract,Diabetic Eye Disease,NA,['efi'],eFI2 SNOMED CT 0.24 Renamed ConditionsPowerQuery_DiabetesToSeparate
123,43959009,73294018,9000,F4640,F464000,Diabetic cataract,73294018,NA,32,diabetic cataract,Diabetic Eye Disease,NA,['efi'],eFI2 SNOMED CT 0.24 Renamed ConditionsPowerQuery_DiabetesToSeparate
124,43959009,771341000006114,30,C108F,C108F00,Insulin dependent diabetes mellitus with diabetic cataract,73294018,NA,32,diabetic cataract,Diabetic Eye Disease,NA,['efi'],eFI2 SNOMED CT 0.24 Renamed ConditionsPowerQuery_DiabetesToSeparate
125,4855003,9093013,400000,F420,F420.00,Diabetic retinopathy,9093013,NA,32,Diabetic retinopathy NOS,Diabetic Eye Disease,NA,['efi AND Lauren_codelist'],eFI2 SNOMED CT 0.24 Renamed ConditionsPowerQuery_DiabetesToSeparate AND snomed_for_LW_codelist_using_Pieta_powerQuery_DiabetesToSeparate
127,4855003,169731000006118,200000,2BBF,2BBF.00,Retinal abnormality - diabetes-related,1230609013,NA,32,Diabetic retinopathy NOS,Diabetic Eye Disease,NA,['efi AND Lauren_codelist'],eFI2 SNOMED CT 0.24 Renamed ConditionsPowerQuery_DiabetesToSeparate AND snomed_for_LW_codelist_using_Pieta_powerQuery_DiabetesToSeparate
129,4855003,913651000006115,200,C10E7-2,C10E712,Insulin dependent diabetes mellitus with retinopathy,9093013,NA,32,Diabetic retinopathy NOS,Diabetic Eye Disease,NA,['efi AND Lauren_codelist'],eFI2 SNOMED CT 0.24 Renamed ConditionsPowerQuery_DiabetesToSeparate AND snomed_for_LW_codelist_using_Pieta_powerQuery_DiabetesToSeparate
131,4855003,297758012,20000,F420z,F420z00,Diabetic retinopathy NOS,9093013,NA,32,Diabetic retinopathy NOS,Diabetic Eye Disease,NA,['efi AND Lauren_codelist'],eFI2 SNOMED CT 0.24 Renamed ConditionsPowerQuery_DiabetesToSeparate AND snomed_for_LW_codelist_using_Pieta_powerQuery_DiabetesToSeparate
133,4855003,2576431000006117,50,^ESCTDR257643,NA,DR - Diabetic retinopathy,1230610015,NA,32,Diabetic retinopathy NOS,Diabetic Eye Disease,NA,['efi AND Lauren_codelist'],eFI2 SNOMED CT 0.24 Renamed ConditionsPowerQuery_DiabetesToSeparate AND snomed_for_LW_codelist_using_Pieta_powerQuery_DiabetesToSeparate
135,4855003,12166111000006116,1,^ESCT1216611,NA,Retinopathy due to diabetes mellitus,3688792011,NA,32,Diabetic retinopathy NOS,Diabetic Eye Disease,NA,['efi AND Lauren_codelist'],eFI2 SNOMED CT 0.24 Renamed ConditionsPowerQuery_DiabetesToSeparate AND snomed_for_LW_codelist_using_Pieta_powerQuery_DiabetesToSeparate
137,4855003,771411000006117,400,C1087,C108700,Insulin dependent diabetes mellitus with retinopathy,9093013,NA,32,Diabetic retinopathy NOS,Diabetic Eye Disease,NA,['efi AND Lauren_codelist'],eFI2 SNOMED CT 0.24 Renamed ConditionsPowerQuery_DiabetesToSeparate AND snomed_for_LW_codelist_using_Pieta_powerQuery_DiabetesToSeparate
139,59276001,98476015,100000,F4201,F420100,Proliferative diabetic retinopathy,98476015,NA,32,Proliferative diabetic retinopathy,Diabetic Eye Disease,NA,['efi AND Lauren_codelist'],eFI2 SNOMED CT 0.24 Renamed ConditionsPowerQuery_DiabetesToSeparate AND snomed_for_LW_codelist_using_Pieta_powerQuery_DiabetesToSeparate
140,59276001,12189891000006110,100,^ESCT1218989,NA,PDR - proliferative diabetic retinopathy,3699415016,NA,32,Proliferative diabetic retinopathy,Diabetic Eye Disease,NA,['efi AND Lauren_codelist'],eFI2 SNOMED CT 0.24 Renamed ConditionsPowerQuery_DiabetesToSeparate AND snomed_for_LW_codelist_using_Pieta_powerQuery_DiabetesToSeparate
141,59276001,14059421000006119,600,^ESCT1405942,NA,Proliferative retinopathy due to diabetes mellitus,3780380014,NA,32,Proliferative diabetic retinopathy,Diabetic Eye Disease,NA,['efi AND Lauren_codelist'],eFI2 SNOMED CT 0.24 Renamed ConditionsPowerQuery_DiabetesToSeparate AND snomed_for_LW_codelist_using_Pieta_powerQuery_DiabetesToSeparate
142,769244003,2159979014,100000,2BBW,2BBW.00,Maculopathy of right eye with diabetes mellitus,3698428016,NA,27,o/e - right eye diabetic maculopathy,Diabetic Eye Disease,NA,['efi'],eFI2 SNOMED CT 0.24 Renamed ConditionsPowerQuery_DiabetesToSeparate
143,769244003,12086281000006113,900,^ESCT1208628,NA,Diabetic maculopathy of right eye,3690548010,NA,27,o/e - right eye diabetic maculopathy,Diabetic Eye Disease,NA,['efi'],eFI2 SNOMED CT 0.24 Renamed ConditionsPowerQuery_DiabetesToSeparate
144,769244003,14092431000006119,5000,^ESCT1409243,NA,Disorder of right macula due to diabetes mellitus,3778103012,NA,27,o/e - right eye diabetic maculopathy,Diabetic Eye Disease,NA,['efi'],eFI2 SNOMED CT 0.24 Renamed ConditionsPowerQuery_DiabetesToSeparate
145,769245002,2159980012,100000,2BBX,2BBX.00,Maculopathy of left eye with diabetes mellitus,3698426017,NA,27,o/e - left eye diabetic maculopathy,Diabetic Eye Disease,NA,['efi'],eFI2 SNOMED CT 0.24 Renamed ConditionsPowerQuery_DiabetesToSeparate
146,769245002,14092441000006112,5000,^ESCT1409244,NA,Disorder of left macula due to diabetes mellitus,3778100010,NA,27,o/e - left eye diabetic maculopathy,Diabetic Eye Disease,NA,['efi'],eFI2 SNOMED CT 0.24 Renamed ConditionsPowerQuery_DiabetesToSeparate
147,769245002,12086321000006119,1,^ESCT1208632,NA,Maculopathy of left eye due to diabetes mellitus,3690553017,NA,27,o/e - left eye diabetic maculopathy,Diabetic Eye Disease,NA,['efi'],eFI2 SNOMED CT 0.24 Renamed ConditionsPowerQuery_DiabetesToSeparate
148,769245002,12086331000006116,900,^ESCT1208633,NA,Diabetic maculopathy of left eye,3690554011,NA,27,o/e - left eye diabetic maculopathy,Diabetic Eye Disease,NA,['efi'],eFI2 SNOMED CT 0.24 Renamed ConditionsPowerQuery_DiabetesToSeparate
149,769245002,12086341000006114,1,^ESCT1208634,NA,Disorder of left macula co-occurrent and due to diabetes mellitus,3690555012,NA,27,o/e - left eye diabetic maculopathy,Diabetic Eye Disease,NA,['efi'],eFI2 SNOMED CT 0.24 Renamed ConditionsPowerQuery_DiabetesToSeparate
150,860712005,13949711000006112,1000,^ESCT1394971,NA,Diabetic maculopathy of bilateral eyes present,3943813012,NA,27,Disorder of macula of bilateral eyes due to diabetes mellitus present,Diabetes,NA,['Manchester'],diabetes.snomed.txt OR efi-diabetes.snomed.txt
151,860712005,13949731000006118,1,^ESCT1394973,NA,Bilateral maculopathy due to diabetes mellitus present,3943815017,NA,27,Disorder of macula of bilateral eyes due to diabetes mellitus present,Diabetes,NA,['Manchester'],diabetes.snomed.txt OR efi-diabetes.snomed.txt